id,field,z_phot,Tanh_baseline_dC2,Tanh_baseline_verdict,Gaussian_single_dC2,Gaussian_single_verdict,Gaussian_double_dC2,Gaussian_double_verdict,Wide_tanh_dC2,Wide_tanh_verdict,Tanh_p_highmz_decay_dC2,Tanh_p_highmz_decay_verdict
1072,primer-uds-north,8.90596,0.0,Neutral,0.0,Neutral,0.0,Neutral,0.0,Neutral,0.0,Neutral
1381,primer-uds-north,5.6625967,0.0,Neutral,0.0,Neutral,0.0,Neutral,0.0,Neutral,0.0,Neutral
1470,primer-uds-north,5.3967586,0.0,Neutral,0.0,Neutral,0.0,Neutral,0.0,Neutral,0.0,Neutral
1544,primer-uds-north,5.463462,0.0,Neutral,0.0,Neutral,0.0,Neutral,0.0,Neutral,0.0,Neutral
1939,primer-uds-north,4.3620567,0.0002,Neutral,0.0002,Neutral,0.0001,Neutral,0.0002,Neutral,0.0002,Neutral
3992,primer-uds-north,5.6593285,0.0002,Neutral,0.0002,Neutral,0.0001,Neutral,0.0002,Neutral,0.0002,Neutral
7991,primer-uds-north,5.655741,0.0007,Neutral,0.0007,Neutral,0.0004,Neutral,0.0007,Neutral,0.0007,Neutral
8559,primer-uds-north,7.9365425,0.0001,Neutral,0.0,Neutral,0.0,Neutral,0.0001,Neutral,0.0,Neutral
10404,primer-uds-north,5.6559963,0.0004,Neutral,0.0004,Neutral,0.0002,Neutral,0.0004,Neutral,0.0004,Neutral
11219,primer-uds-north,5.4287095,0.0003,Neutral,0.0003,Neutral,0.0002,Neutral,0.0003,Neutral,0.0003,Neutral
14419,primer-uds-north,4.8167844,0.0003,Neutral,0.0003,Neutral,0.0002,Neutral,0.0003,Neutral,0.0003,Neutral
15257,primer-uds-north,6.9201365,0.0001,Neutral,0.0,Neutral,0.0,Neutral,0.0001,Neutral,0.0001,Neutral
16999,primer-uds-north,4.2059326,0.0031,Neutral,0.0029,Neutral,0.0019,Neutral,0.0031,Neutral,0.0031,Neutral
18804,primer-uds-north,4.3172913,0.0025,Neutral,0.0023,Neutral,0.0015,Neutral,0.0024,Neutral,0.0025,Neutral
18892,primer-uds-north,4.729469,0.0002,Neutral,0.0002,Neutral,0.0001,Neutral,0.0002,Neutral,0.0002,Neutral
19416,primer-uds-north,5.433182,0.0,Neutral,0.0,Neutral,0.0,Neutral,0.0,Neutral,0.0,Neutral
21108,primer-uds-north,7.1364045,0.0001,Neutral,0.0,Neutral,0.0,Neutral,0.0001,Neutral,0.0001,Neutral
22773,primer-uds-north,4.401274,0.0004,Neutral,0.0004,Neutral,0.0003,Neutral,0.0004,Neutral,0.0004,Neutral
23575,primer-uds-north,5.6605954,0.0001,Neutral,0.0001,Neutral,0.0001,Neutral,0.0001,Neutral,0.0001,Neutral
24081,primer-uds-north,5.6564054,0.0002,Neutral,0.0002,Neutral,0.0001,Neutral,0.0002,Neutral,0.0002,Neutral
24100,primer-uds-north,4.991886,0.0006,Neutral,0.0006,Neutral,0.0003,Neutral,0.0006,Neutral,0.0006,Neutral
29106,primer-uds-north,5.2048426,0.0003,Neutral,0.0003,Neutral,0.0002,Neutral,0.0003,Neutral,0.0003,Neutral
29110,primer-uds-north,7.1287746,0.0,Neutral,0.0,Neutral,0.0,Neutral,0.0,Neutral,0.0,Neutral
31581,primer-uds-north,4.1634083,0.0,Neutral,0.0,Neutral,0.0,Neutral,0.0,Neutral,0.0,Neutral
31645,primer-uds-north,4.7559195,0.0003,Neutral,0.0003,Neutral,0.0002,Neutral,0.0003,Neutral,0.0003,Neutral
32025,primer-uds-north,4.0433307,0.001,Neutral,0.0009,Neutral,0.0006,Neutral,0.001,Neutral,0.001,Neutral
32237,primer-uds-north,4.6121683,0.004,Neutral,0.0039,Neutral,0.0025,Neutral,0.004,Neutral,0.004,Neutral
32986,primer-uds-north,4.152747,0.0,Neutral,0.0,Neutral,0.0,Neutral,0.0,Neutral,0.0,Neutral
33332,primer-uds-north,4.5419765,0.0003,Neutral,0.0003,Neutral,0.0002,Neutral,0.0003,Neutral,0.0003,Neutral
33774,primer-uds-north,7.137637,0.0,Neutral,0.0,Neutral,0.0,Neutral,0.0,Neutral,0.0,Neutral
35111,primer-uds-north,5.6563144,0.0002,Neutral,0.0001,Neutral,0.0001,Neutral,0.0002,Neutral,0.0002,Neutral
36327,primer-uds-north,7.861698,0.0,Neutral,0.0,Neutral,0.0,Neutral,0.0,Neutral,0.0,Neutral
42014,primer-uds-north,4.551596,0.0,Neutral,0.0,Neutral,0.0,Neutral,0.0,Neutral,0.0,Neutral
42859,primer-uds-north,6.580927,0.0001,Neutral,0.0001,Neutral,0.0001,Neutral,0.0001,Neutral,0.0001,Neutral
43738,primer-uds-north,5.090068,0.0012,Neutral,0.0012,Neutral,0.0007,Neutral,0.0012,Neutral,0.0012,Neutral
43932,primer-uds-north,4.235388,0.0004,Neutral,0.0003,Neutral,0.0002,Neutral,0.0004,Neutral,0.0004,Neutral
44053,primer-uds-north,5.438139,0.0001,Neutral,0.0001,Neutral,0.0,Neutral,0.0001,Neutral,0.0001,Neutral
44681,primer-uds-north,4.5811663,0.0005,Neutral,0.0005,Neutral,0.0003,Neutral,0.0005,Neutral,0.0005,Neutral
46085,primer-uds-north,4.78585,0.0029,Neutral,0.0029,Neutral,0.0018,Neutral,0.0029,Neutral,0.0029,Neutral
48927,primer-uds-north,7.907303,0.0,Neutral,0.0,Neutral,0.0,Neutral,0.0,Neutral,0.0,Neutral
52141,primer-uds-north,7.130078,0.0,Neutral,0.0,Neutral,0.0,Neutral,0.0,Neutral,0.0,Neutral
52856,primer-uds-north,6.320852,0.0,Neutral,0.0,Neutral,0.0,Neutral,0.0,Neutral,0.0,Neutral
53667,primer-uds-north,4.5639205,0.0004,Neutral,0.0004,Neutral,0.0003,Neutral,0.0004,Neutral,0.0004,Neutral
54143,primer-uds-north,4.7315016,0.0001,Neutral,0.0001,Neutral,0.0,Neutral,0.0001,Neutral,0.0001,Neutral
54603,primer-uds-north,5.651867,0.0,Neutral,0.0,Neutral,0.0,Neutral,0.0,Neutral,0.0,Neutral
55902,primer-uds-north,8.670386,0.0,Neutral,0.0,Neutral,0.0,Neutral,0.0,Neutral,0.0,Neutral
56783,primer-uds-north,5.3133664,0.0,Neutral,0.0,Neutral,0.0,Neutral,0.0,Neutral,0.0,Neutral
57469,primer-uds-north,5.667973,0.0003,Neutral,0.0002,Neutral,0.0001,Neutral,0.0002,Neutral,0.0003,Neutral
57944,primer-uds-north,5.28979,0.0001,Neutral,0.0001,Neutral,0.0,Neutral,0.0001,Neutral,0.0001,Neutral
61010,primer-uds-north,7.1341963,0.0,Neutral,0.0,Neutral,0.0,Neutral,0.0,Neutral,0.0,Neutral
61298,primer-uds-north,5.242596,0.0001,Neutral,0.0001,Neutral,0.0001,Neutral,0.0001,Neutral,0.0001,Neutral
61378,primer-uds-north,7.4582853,0.0,Neutral,0.0,Neutral,0.0,Neutral,0.0,Neutral,0.0,Neutral
62716,primer-uds-north,5.386735,0.0002,Neutral,0.0002,Neutral,0.0001,Neutral,0.0002,Neutral,0.0002,Neutral
64273,primer-uds-north,7.13156,0.0,Neutral,0.0,Neutral,0.0,Neutral,0.0,Neutral,0.0,Neutral
66007,primer-uds-north,4.5963383,0.0001,Neutral,0.0001,Neutral,0.0001,Neutral,0.0001,Neutral,0.0001,Neutral
67270,primer-uds-north,5.6651006,0.0002,Neutral,0.0002,Neutral,0.0001,Neutral,0.0002,Neutral,0.0002,Neutral
68006,primer-uds-north,5.1602645,0.0007,Neutral,0.0007,Neutral,0.0004,Neutral,0.0007,Neutral,0.0007,Neutral
69921,primer-uds-north,5.6548767,0.0,Neutral,0.0,Neutral,0.0,Neutral,0.0,Neutral,0.0,Neutral
69936,primer-uds-north,7.0339665,0.0,Neutral,0.0,Neutral,0.0,Neutral,0.0,Neutral,0.0,Neutral
70423,primer-uds-north,5.4776564,0.0001,Neutral,0.0001,Neutral,0.0,Neutral,0.0001,Neutral,0.0001,Neutral
70813,primer-uds-north,4.7062697,0.0003,Neutral,0.0003,Neutral,0.0002,Neutral,0.0003,Neutral,0.0003,Neutral
71037,primer-uds-north,6.849483,0.0002,Neutral,0.0001,Neutral,0.0001,Neutral,0.0002,Neutral,0.0002,Neutral
71893,primer-uds-north,6.429184,0.0,Neutral,0.0,Neutral,0.0,Neutral,0.0,Neutral,0.0,Neutral
4278,primer-cosmos-east,5.6582265,0.0,Neutral,0.0,Neutral,0.0,Neutral,0.0,Neutral,0.0,Neutral
6282,primer-cosmos-east,5.673777,0.0002,Neutral,0.0002,Neutral,0.0001,Neutral,0.0002,Neutral,0.0002,Neutral
9227,primer-cosmos-east,5.713857,0.0007,Neutral,0.0006,Neutral,0.0004,Neutral,0.0007,Neutral,0.0007,Neutral
10696,primer-cosmos-east,5.6677623,0.0001,Neutral,0.0001,Neutral,0.0,Neutral,0.0001,Neutral,0.0001,Neutral
11967,primer-cosmos-east,5.482298,0.0,Neutral,0.0,Neutral,0.0,Neutral,0.0,Neutral,0.0,Neutral
14086,primer-cosmos-east,7.127323,0.0,Neutral,0.0,Neutral,0.0,Neutral,0.0,Neutral,0.0,Neutral
14487,primer-cosmos-east,7.1692533,0.0,Neutral,0.0,Neutral,0.0,Neutral,0.0,Neutral,0.0,Neutral
15393,primer-cosmos-east,5.68946,0.0,Neutral,0.0,Neutral,0.0,Neutral,0.0,Neutral,0.0,Neutral
15850,primer-cosmos-east,7.0456376,0.0003,Neutral,0.0002,Neutral,0.0001,Neutral,0.0003,Neutral,0.0003,Neutral
16083,primer-cosmos-east,4.57788,0.0007,Neutral,0.0006,Neutral,0.0004,Neutral,0.0006,Neutral,0.0007,Neutral
16408,primer-cosmos-east,4.574863,0.0004,Neutral,0.0004,Neutral,0.0003,Neutral,0.0004,Neutral,0.0004,Neutral
16563,primer-cosmos-east,5.0219927,0.0018,Neutral,0.0018,Neutral,0.0011,Neutral,0.0018,Neutral,0.0018,Neutral
17813,primer-cosmos-east,5.226693,0.0,Neutral,0.0,Neutral,0.0,Neutral,0.0,Neutral,0.0,Neutral
18893,primer-cosmos-east,4.8477397,0.0001,Neutral,0.0001,Neutral,0.0,Neutral,0.0001,Neutral,0.0001,Neutral
19462,primer-cosmos-east,4.365069,0.0001,Neutral,0.0001,Neutral,0.0,Neutral,0.0001,Neutral,0.0001,Neutral
19946,primer-cosmos-east,5.974449,0.0002,Neutral,0.0002,Neutral,0.0001,Neutral,0.0002,Neutral,0.0002,Neutral
20187,primer-cosmos-east,6.6081676,0.0002,Neutral,0.0002,Neutral,0.0001,Neutral,0.0002,Neutral,0.0002,Neutral
21943,primer-cosmos-east,4.7154994,0.0002,Neutral,0.0002,Neutral,0.0001,Neutral,0.0002,Neutral,0.0002,Neutral
23571,primer-cosmos-east,4.760719,0.0001,Neutral,0.0001,Neutral,0.0,Neutral,0.0001,Neutral,0.0001,Neutral
26971,primer-cosmos-east,6.4066525,0.0006,Neutral,0.0005,Neutral,0.0003,Neutral,0.0006,Neutral,0.0006,Neutral
27072,primer-cosmos-east,4.957128,0.0125,Neutral,0.0125,Neutral,0.0074,Neutral,0.0125,Neutral,0.0125,Neutral
27765,primer-cosmos-east,5.1726418,0.0002,Neutral,0.0002,Neutral,0.0001,Neutral,0.0002,Neutral,0.0002,Neutral
31668,primer-cosmos-east,5.6076913,0.0027,Neutral,0.0026,Neutral,0.0014,Neutral,0.0027,Neutral,0.0027,Neutral
31770,primer-cosmos-east,5.77907,0.0017,Neutral,0.0016,Neutral,0.0009,Neutral,0.0017,Neutral,0.0017,Neutral
32928,primer-cosmos-east,4.4581003,0.0038,Neutral,0.0037,Neutral,0.0024,Neutral,0.0038,Neutral,0.0038,Neutral
40209,primer-cosmos-east,5.4609075,0.0001,Neutral,0.0001,Neutral,0.0001,Neutral,0.0001,Neutral,0.0001,Neutral
40642,primer-cosmos-east,4.63434,0.0001,Neutral,0.0001,Neutral,0.0001,Neutral,0.0001,Neutral,0.0001,Neutral
40799,primer-cosmos-east,7.681151,0.0001,Neutral,0.0,Neutral,0.0,Neutral,0.0001,Neutral,0.0001,Neutral
42464,primer-cosmos-east,5.3674827,0.0011,Neutral,0.0011,Neutral,0.0006,Neutral,0.0011,Neutral,0.0011,Neutral
43445,primer-cosmos-east,5.696871,0.0,Neutral,0.0,Neutral,0.0,Neutral,0.0,Neutral,0.0,Neutral
45179,primer-cosmos-east,7.1054926,0.0002,Neutral,0.0001,Neutral,0.0,Neutral,0.0002,Neutral,0.0002,Neutral
47824,primer-cosmos-east,5.655495,0.0001,Neutral,0.0001,Neutral,0.0001,Neutral,0.0001,Neutral,0.0001,Neutral
48498,primer-cosmos-east,4.453304,0.0,Neutral,0.0,Neutral,0.0,Neutral,0.0,Neutral,0.0,Neutral
48540,primer-cosmos-east,5.656249,0.0,Neutral,0.0,Neutral,0.0,Neutral,0.0,Neutral,0.0,Neutral
50325,primer-cosmos-east,6.427699,0.0002,Neutral,0.0001,Neutral,0.0001,Neutral,0.0002,Neutral,0.0002,Neutral
50988,primer-cosmos-east,4.526494,0.0054,Neutral,0.0053,Neutral,0.0034,Neutral,0.0054,Neutral,0.0054,Neutral
51514,primer-cosmos-east,4.43674,0.0026,Neutral,0.0025,Neutral,0.0016,Neutral,0.0026,Neutral,0.0026,Neutral
51855,primer-cosmos-east,4.651201,0.001,Neutral,0.001,Neutral,0.0006,Neutral,0.001,Neutral,0.001,Neutral
52084,primer-cosmos-east,7.07561,0.0007,Neutral,0.0004,Neutral,0.0002,Neutral,0.0007,Neutral,0.0007,Neutral
52124,primer-cosmos-east,4.833804,0.0004,Neutral,0.0004,Neutral,0.0003,Neutral,0.0004,Neutral,0.0004,Neutral
54661,primer-cosmos-east,5.667634,0.0,Neutral,0.0,Neutral,0.0,Neutral,0.0,Neutral,0.0,Neutral
55423,primer-cosmos-east,5.408047,0.001,Neutral,0.001,Neutral,0.0005,Neutral,0.001,Neutral,0.001,Neutral
344,primer-uds-south,7.1353946,0.0,Neutral,0.0,Neutral,0.0,Neutral,0.0,Neutral,0.0,Neutral
2480,primer-uds-south,4.684057,0.0,Neutral,0.0,Neutral,0.0,Neutral,0.0,Neutral,0.0,Neutral
4620,primer-uds-south,5.7462945,0.0003,Neutral,0.0003,Neutral,0.0002,Neutral,0.0003,Neutral,0.0003,Neutral
7830,primer-uds-south,5.5453625,0.0001,Neutral,0.0001,Neutral,0.0,Neutral,0.0001,Neutral,0.0001,Neutral
9104,primer-uds-south,6.0930605,0.0,Neutral,0.0,Neutral,0.0,Neutral,0.0,Neutral,0.0,Neutral
9791,primer-uds-south,5.0277753,0.0001,Neutral,0.0001,Neutral,0.0,Neutral,0.0001,Neutral,0.0001,Neutral
11501,primer-uds-south,4.6799717,0.0012,Neutral,0.0012,Neutral,0.0007,Neutral,0.0012,Neutral,0.0012,Neutral
14258,primer-uds-south,5.4718714,0.0,Neutral,0.0,Neutral,0.0,Neutral,0.0,Neutral,0.0,Neutral
17986,primer-uds-south,4.940114,0.0016,Neutral,0.0016,Neutral,0.0009,Neutral,0.0016,Neutral,0.0016,Neutral
21488,primer-uds-south,5.413992,0.002,Neutral,0.0019,Neutral,0.0011,Neutral,0.002,Neutral,0.002,Neutral
22358,primer-uds-south,4.6764946,0.0001,Neutral,0.0001,Neutral,0.0,Neutral,0.0001,Neutral,0.0001,Neutral
23107,primer-uds-south,4.9525127,0.0001,Neutral,0.0001,Neutral,0.0,Neutral,0.0001,Neutral,0.0001,Neutral
25430,primer-uds-south,7.1282,0.0,Neutral,0.0,Neutral,0.0,Neutral,0.0,Neutral,0.0,Neutral
28931,primer-uds-south,7.9047303,0.0001,Neutral,0.0001,Neutral,0.0,Neutral,0.0001,Neutral,0.0001,Neutral
29392,primer-uds-south,7.4709635,0.0001,Neutral,0.0001,Neutral,0.0,Neutral,0.0001,Neutral,0.0001,Neutral
30157,primer-uds-south,4.726915,0.0001,Neutral,0.0001,Neutral,0.0,Neutral,0.0001,Neutral,0.0001,Neutral
30191,primer-uds-south,4.036579,0.0001,Neutral,0.0,Neutral,0.0,Neutral,0.0001,Neutral,0.0001,Neutral
30520,primer-uds-south,5.349781,0.0001,Neutral,0.0001,Neutral,0.0,Neutral,0.0001,Neutral,0.0001,Neutral
32880,primer-uds-south,4.7559557,0.0002,Neutral,0.0002,Neutral,0.0001,Neutral,0.0002,Neutral,0.0002,Neutral
33445,primer-uds-south,4.34576,0.0002,Neutral,0.0002,Neutral,0.0001,Neutral,0.0002,Neutral,0.0002,Neutral
33898,primer-uds-south,4.545273,0.0,Neutral,0.0,Neutral,0.0,Neutral,0.0,Neutral,0.0,Neutral
36872,primer-uds-south,7.135115,0.0,Neutral,0.0,Neutral,0.0,Neutral,0.0,Neutral,0.0,Neutral
37557,primer-uds-south,5.655718,0.0005,Neutral,0.0004,Neutral,0.0002,Neutral,0.0005,Neutral,0.0005,Neutral
37751,primer-uds-south,5.3592114,0.0003,Neutral,0.0003,Neutral,0.0002,Neutral,0.0003,Neutral,0.0003,Neutral
37878,primer-uds-south,4.7731967,0.0001,Neutral,0.0001,Neutral,0.0001,Neutral,0.0001,Neutral,0.0001,Neutral
39711,primer-uds-south,5.461955,0.0,Neutral,0.0,Neutral,0.0,Neutral,0.0,Neutral,0.0,Neutral
44435,primer-uds-south,5.1732736,0.0,Neutral,0.0,Neutral,0.0,Neutral,0.0,Neutral,0.0,Neutral
45383,primer-uds-south,4.8551655,0.0,Neutral,0.0,Neutral,0.0,Neutral,0.0,Neutral,0.0,Neutral
45637,primer-uds-south,4.5362873,0.0008,Neutral,0.0008,Neutral,0.0005,Neutral,0.0008,Neutral,0.0008,Neutral
47509,primer-uds-south,5.659403,0.0001,Neutral,0.0001,Neutral,0.0,Neutral,0.0001,Neutral,0.0001,Neutral
48686,primer-uds-south,4.843895,0.0,Neutral,0.0,Neutral,0.0,Neutral,0.0,Neutral,0.0,Neutral
48982,primer-uds-south,5.38785,0.0001,Neutral,0.0001,Neutral,0.0,Neutral,0.0001,Neutral,0.0001,Neutral
50716,primer-uds-south,7.8636265,0.0,Neutral,0.0,Neutral,0.0,Neutral,0.0,Neutral,0.0,Neutral
51593,primer-uds-south,4.457851,0.0004,Neutral,0.0004,Neutral,0.0002,Neutral,0.0004,Neutral,0.0004,Neutral
52581,primer-uds-south,6.166954,0.0008,Neutral,0.0006,Neutral,0.0004,Neutral,0.0008,Neutral,0.0008,Neutral
55634,primer-uds-south,6.879805,0.0001,Neutral,0.0,Neutral,0.0,Neutral,0.0001,Neutral,0.0001,Neutral
55783,primer-uds-south,4.6260314,0.0005,Neutral,0.0005,Neutral,0.0003,Neutral,0.0005,Neutral,0.0005,Neutral
57494,primer-uds-south,4.0239935,0.0045,Neutral,0.004,Neutral,0.0026,Neutral,0.0044,Neutral,0.0045,Neutral
59568,primer-uds-south,8.901577,0.0,Neutral,0.0,Neutral,0.0,Neutral,0.0,Neutral,0.0,Neutral
59880,primer-uds-south,5.663111,0.0,Neutral,0.0,Neutral,0.0,Neutral,0.0,Neutral,0.0,Neutral
59971,primer-uds-south,5.3915443,0.0,Neutral,0.0,Neutral,0.0,Neutral,0.0,Neutral,0.0,Neutral
60046,primer-uds-south,5.462843,0.0,Neutral,0.0,Neutral,0.0,Neutral,0.0,Neutral,0.0,Neutral
60446,primer-uds-south,4.36605,0.0002,Neutral,0.0002,Neutral,0.0001,Neutral,0.0002,Neutral,0.0002,Neutral
62395,primer-uds-south,5.6591854,0.0002,Neutral,0.0002,Neutral,0.0001,Neutral,0.0002,Neutral,0.0002,Neutral
66511,primer-uds-south,7.1307554,0.0005,Neutral,0.0003,Neutral,0.0001,Neutral,0.0005,Neutral,0.0005,Neutral
67076,primer-uds-south,7.9367976,0.0001,Neutral,0.0,Neutral,0.0,Neutral,0.0001,Neutral,0.0,Neutral
68947,primer-uds-south,5.6559973,0.0004,Neutral,0.0004,Neutral,0.0002,Neutral,0.0004,Neutral,0.0004,Neutral
69772,primer-uds-south,5.4293756,0.0003,Neutral,0.0003,Neutral,0.0002,Neutral,0.0003,Neutral,0.0003,Neutral
6756,ceers-full,7.136083,0.0002,Neutral,0.0001,Neutral,0.0,Neutral,0.0002,Neutral,0.0002,Neutral
9246,ceers-full,4.6044097,0.0008,Neutral,0.0007,Neutral,0.0005,Neutral,0.0008,Neutral,0.0008,Neutral
12234,ceers-full,6.142212,0.0006,Neutral,0.0005,Neutral,0.0003,Neutral,0.0006,Neutral,0.0006,Neutral
12544,ceers-full,4.549665,0.0001,Neutral,0.0001,Neutral,0.0,Neutral,0.0001,Neutral,0.0001,Neutral
13736,ceers-full,5.356953,0.0003,Neutral,0.0003,Neutral,0.0002,Neutral,0.0003,Neutral,0.0003,Neutral
14076,ceers-full,5.661391,0.0,Neutral,0.0,Neutral,0.0,Neutral,0.0,Neutral,0.0,Neutral
19354,ceers-full,5.4279175,0.0002,Neutral,0.0002,Neutral,0.0001,Neutral,0.0002,Neutral,0.0002,Neutral
20010,ceers-full,8.934445,0.0,Neutral,0.0,Neutral,0.0,Neutral,0.0,Neutral,0.0,Neutral
20632,ceers-full,5.653135,0.0002,Neutral,0.0002,Neutral,0.0001,Neutral,0.0002,Neutral,0.0002,Neutral
20897,ceers-full,4.533114,0.0026,Neutral,0.0026,Neutral,0.0016,Neutral,0.0026,Neutral,0.0026,Neutral
22049,ceers-full,7.1350226,0.0001,Neutral,0.0001,Neutral,0.0,Neutral,0.0001,Neutral,0.0001,Neutral
22239,ceers-full,7.131442,0.0,Neutral,0.0,Neutral,0.0,Neutral,0.0,Neutral,0.0,Neutral
23054,ceers-full,6.8682966,0.0,Neutral,0.0,Neutral,0.0,Neutral,0.0,Neutral,0.0,Neutral
24464,ceers-full,5.655386,0.0002,Neutral,0.0002,Neutral,0.0001,Neutral,0.0002,Neutral,0.0002,Neutral
28748,ceers-full,4.7529554,0.0016,Neutral,0.0016,Neutral,0.001,Neutral,0.0016,Neutral,0.0016,Neutral
29421,ceers-full,4.785098,0.0003,Neutral,0.0003,Neutral,0.0002,Neutral,0.0003,Neutral,0.0003,Neutral
30600,ceers-full,4.025932,0.0001,Neutral,0.0001,Neutral,0.0001,Neutral,0.0001,Neutral,0.0001,Neutral
36886,ceers-full,4.4499197,0.0004,Neutral,0.0004,Neutral,0.0002,Neutral,0.0004,Neutral,0.0004,Neutral
36985,ceers-full,5.6537137,0.0003,Neutral,0.0003,Neutral,0.0001,Neutral,0.0003,Neutral,0.0003,Neutral
39094,ceers-full,4.73153,0.0007,Neutral,0.0007,Neutral,0.0004,Neutral,0.0007,Neutral,0.0007,Neutral
40589,ceers-full,8.006711,0.0,Neutral,0.0,Neutral,0.0,Neutral,0.0,Neutral,0.0,Neutral
41179,ceers-full,7.24225,0.0001,Neutral,0.0001,Neutral,0.0,Neutral,0.0001,Neutral,0.0001,Neutral
41913,ceers-full,5.2459974,0.0039,Neutral,0.0039,Neutral,0.0022,Neutral,0.0039,Neutral,0.0039,Neutral
42093,ceers-full,6.445882,0.0008,Neutral,0.0006,Neutral,0.0004,Neutral,0.0008,Neutral,0.0008,Neutral
47021,ceers-full,8.0230665,0.0,Neutral,0.0,Neutral,0.0,Neutral,0.0,Neutral,0.0,Neutral
48983,ceers-full,7.136761,0.0019,Neutral,0.0011,Neutral,0.0005,Neutral,0.0019,Neutral,0.0019,Neutral
49360,ceers-full,4.737312,0.0003,Neutral,0.0003,Neutral,0.0002,Neutral,0.0003,Neutral,0.0003,Neutral
55490,ceers-full,7.1493306,0.0011,Neutral,0.0006,Neutral,0.0003,Neutral,0.0011,Neutral,0.0011,Neutral
57051,ceers-full,5.668079,0.0001,Neutral,0.0001,Neutral,0.0001,Neutral,0.0001,Neutral,0.0001,Neutral
58630,ceers-full,4.546808,0.0006,Neutral,0.0006,Neutral,0.0004,Neutral,0.0006,Neutral,0.0006,Neutral
59162,ceers-full,7.84113,0.0001,Neutral,0.0,Neutral,0.0,Neutral,0.0001,Neutral,0.0001,Neutral
59626,ceers-full,6.367115,0.0004,Neutral,0.0004,Neutral,0.0002,Neutral,0.0004,Neutral,0.0004,Neutral
60774,ceers-full,5.2847676,0.0006,Neutral,0.0006,Neutral,0.0003,Neutral,0.0006,Neutral,0.0006,Neutral
61323,ceers-full,7.1270275,0.0,Neutral,0.0,Neutral,0.0,Neutral,0.0,Neutral,0.0,Neutral
63106,ceers-full,5.655657,0.0006,Neutral,0.0005,Neutral,0.0003,Neutral,0.0006,Neutral,0.0006,Neutral
67137,ceers-full,7.4964614,0.0,Neutral,0.0,Neutral,0.0,Neutral,0.0,Neutral,0.0,Neutral
68816,ceers-full,4.532283,0.0004,Neutral,0.0004,Neutral,0.0003,Neutral,0.0004,Neutral,0.0004,Neutral
70681,ceers-full,7.9008055,0.0,Neutral,0.0,Neutral,0.0,Neutral,0.0,Neutral,0.0,Neutral
71267,ceers-full,7.5175495,0.0,Neutral,0.0,Neutral,0.0,Neutral,0.0,Neutral,0.0,Neutral
71321,ceers-full,7.12932,0.0,Neutral,0.0,Neutral,0.0,Neutral,0.0,Neutral,0.0,Neutral
71380,ceers-full,7.1262627,0.0002,Neutral,0.0001,Neutral,0.0,Neutral,0.0002,Neutral,0.0002,Neutral
72633,ceers-full,5.4433956,0.0001,Neutral,0.0001,Neutral,0.0,Neutral,0.0001,Neutral,0.0001,Neutral
72956,ceers-full,8.90418,0.0,Neutral,0.0,Neutral,0.0,Neutral,0.0,Neutral,0.0,Neutral
73890,ceers-full,5.6603184,0.0,Neutral,0.0,Neutral,0.0,Neutral,0.0,Neutral,0.0,Neutral
7242,primer-cosmos-west,5.6587553,0.0,Neutral,0.0,Neutral,0.0,Neutral,0.0,Neutral,0.0,Neutral
8118,primer-cosmos-west,5.642418,0.0,Neutral,0.0,Neutral,0.0,Neutral,0.0,Neutral,0.0,Neutral
13074,primer-cosmos-west,5.214783,0.0011,Neutral,0.0011,Neutral,0.0006,Neutral,0.0011,Neutral,0.0011,Neutral
13666,primer-cosmos-west,5.2880526,0.0,Neutral,0.0,Neutral,0.0,Neutral,0.0,Neutral,0.0,Neutral
15233,primer-cosmos-west,4.9860177,0.0004,Neutral,0.0004,Neutral,0.0003,Neutral,0.0004,Neutral,0.0004,Neutral
16152,primer-cosmos-west,5.7143655,0.0007,Neutral,0.0006,Neutral,0.0004,Neutral,0.0007,Neutral,0.0007,Neutral
18540,primer-cosmos-west,8.933716,0.0,Neutral,0.0,Neutral,0.0,Neutral,0.0,Neutral,0.0,Neutral
21037,primer-cosmos-west,4.4761047,0.0003,Neutral,0.0003,Neutral,0.0002,Neutral,0.0003,Neutral,0.0003,Neutral
21620,primer-cosmos-west,8.087144,0.0,Neutral,0.0,Neutral,0.0,Neutral,0.0,Neutral,0.0,Neutral
22379,primer-cosmos-west,5.734882,0.0001,Neutral,0.0001,Neutral,0.0001,Neutral,0.0001,Neutral,0.0001,Neutral
22483,primer-cosmos-west,7.1354685,0.0001,Neutral,0.0,Neutral,0.0,Neutral,0.0001,Neutral,0.0001,Neutral
22702,primer-cosmos-west,5.4311905,0.0017,Neutral,0.0016,Neutral,0.0009,Neutral,0.0017,Neutral,0.0017,Neutral
25633,primer-cosmos-west,7.051051,0.0003,Neutral,0.0002,Neutral,0.0001,Neutral,0.0003,Neutral,0.0003,Neutral
26495,primer-cosmos-west,5.019624,0.0018,Neutral,0.0018,Neutral,0.0011,Neutral,0.0018,Neutral,0.0018,Neutral
28491,primer-cosmos-west,5.5851088,0.0003,Neutral,0.0002,Neutral,0.0001,Neutral,0.0003,Neutral,0.0003,Neutral
28500,primer-cosmos-west,5.42897,0.0001,Neutral,0.0001,Neutral,0.0001,Neutral,0.0001,Neutral,0.0001,Neutral
29372,primer-cosmos-west,5.3858166,0.0,Neutral,0.0,Neutral,0.0,Neutral,0.0,Neutral,0.0,Neutral
29568,primer-cosmos-west,4.3603206,0.0001,Neutral,0.0001,Neutral,0.0,Neutral,0.0001,Neutral,0.0001,Neutral
30073,primer-cosmos-west,6.004138,0.0002,Neutral,0.0002,Neutral,0.0001,Neutral,0.0002,Neutral,0.0002,Neutral
30145,primer-cosmos-west,5.6646295,0.0,Neutral,0.0,Neutral,0.0,Neutral,0.0,Neutral,0.0,Neutral
31319,primer-cosmos-west,6.3338737,0.0001,Neutral,0.0001,Neutral,0.0001,Neutral,0.0001,Neutral,0.0001,Neutral
31661,primer-cosmos-west,4.4626226,0.0001,Neutral,0.0001,Neutral,0.0,Neutral,0.0001,Neutral,0.0001,Neutral
32535,primer-cosmos-west,5.7491784,0.0003,Neutral,0.0003,Neutral,0.0002,Neutral,0.0003,Neutral,0.0003,Neutral
33230,primer-cosmos-west,4.7521863,0.0001,Neutral,0.0001,Neutral,0.0,Neutral,0.0001,Neutral,0.0001,Neutral
36162,primer-cosmos-west,6.410995,0.0006,Neutral,0.0005,Neutral,0.0003,Neutral,0.0006,Neutral,0.0006,Neutral
42656,primer-cosmos-west,5.6853933,0.0002,Neutral,0.0002,Neutral,0.0001,Neutral,0.0002,Neutral,0.0002,Neutral
43505,primer-cosmos-west,4.6754527,0.0002,Neutral,0.0002,Neutral,0.0001,Neutral,0.0002,Neutral,0.0002,Neutral
44446,primer-cosmos-west,7.1314645,0.0001,Neutral,0.0001,Neutral,0.0,Neutral,0.0001,Neutral,0.0001,Neutral
46914,primer-cosmos-west,5.654763,0.0,Neutral,0.0,Neutral,0.0,Neutral,0.0,Neutral,0.0,Neutral
47165,primer-cosmos-west,5.2337646,0.0004,Neutral,0.0004,Neutral,0.0002,Neutral,0.0004,Neutral,0.0004,Neutral
50300,primer-cosmos-west,5.6961317,0.0,Neutral,0.0,Neutral,0.0,Neutral,0.0,Neutral,0.0,Neutral
50560,primer-cosmos-west,5.145899,0.0001,Neutral,0.0001,Neutral,0.0001,Neutral,0.0001,Neutral,0.0001,Neutral
51657,primer-cosmos-west,4.7941256,0.002,Neutral,0.002,Neutral,0.0012,Neutral,0.002,Neutral,0.002,Neutral
53626,primer-cosmos-west,5.6552424,0.0001,Neutral,0.0001,Neutral,0.0001,Neutral,0.0001,Neutral,0.0001,Neutral
54067,primer-cosmos-west,5.6564326,0.0,Neutral,0.0,Neutral,0.0,Neutral,0.0,Neutral,0.0,Neutral
55716,primer-cosmos-west,4.438319,0.0026,Neutral,0.0025,Neutral,0.0016,Neutral,0.0026,Neutral,0.0026,Neutral
1498,gds,4.6633844,0.0023,Neutral,0.0023,Neutral,0.0014,Neutral,0.0023,Neutral,0.0023,Neutral
2981,gds,4.812245,0.0003,Neutral,0.0003,Neutral,0.0002,Neutral,0.0003,Neutral,0.0003,Neutral
3099,gds,5.458368,0.0002,Neutral,0.0002,Neutral,0.0001,Neutral,0.0002,Neutral,0.0002,Neutral
5434,gds,4.1072683,0.0037,Neutral,0.0033,Neutral,0.0021,Neutral,0.0036,Neutral,0.0037,Neutral
14381,gds,5.44441,0.0,Neutral,0.0,Neutral,0.0,Neutral,0.0,Neutral,0.0,Neutral
14605,gds,6.9280586,0.0002,Neutral,0.0001,Neutral,0.0001,Neutral,0.0002,Neutral,0.0002,Neutral
16053,gds,6.9018006,0.0,Neutral,0.0,Neutral,0.0,Neutral,0.0,Neutral,0.0,Neutral
18537,gds,4.277338,0.0024,Neutral,0.0022,Neutral,0.0014,Neutral,0.0023,Neutral,0.0024,Neutral
22388,gds,7.18187,0.0009,Neutral,0.0005,Neutral,0.0002,Neutral,0.0009,Neutral,0.0009,Neutral
23636,gds,7.1328406,0.0003,Neutral,0.0002,Neutral,0.0001,Neutral,0.0003,Neutral,0.0003,Neutral
23868,gds,8.927632,0.0,Neutral,0.0,Neutral,0.0,Neutral,0.0,Neutral,0.0,Neutral
29303,gds,5.9859753,0.0002,Neutral,0.0001,Neutral,0.0001,Neutral,0.0002,Neutral,0.0002,Neutral
32147,gds,4.603241,0.005,Neutral,0.0049,Neutral,0.0031,Neutral,0.0049,Neutral,0.005,Neutral
32402,gds,4.9424376,0.0002,Neutral,0.0002,Neutral,0.0001,Neutral,0.0002,Neutral,0.0002,Neutral
35367,gds,5.489472,0.004,Neutral,0.0039,Neutral,0.0022,Neutral,0.004,Neutral,0.004,Neutral
37563,gds,5.7131443,0.0002,Neutral,0.0002,Neutral,0.0001,Neutral,0.0002,Neutral,0.0002,Neutral
39509,gds,4.2876787,0.0002,Neutral,0.0002,Neutral,0.0001,Neutral,0.0002,Neutral,0.0002,Neutral
41129,gds,7.1333513,0.0002,Neutral,0.0001,Neutral,0.0001,Neutral,0.0002,Neutral,0.0002,Neutral
44531,gds,7.1240745,0.0,Neutral,0.0,Neutral,0.0,Neutral,0.0,Neutral,0.0,Neutral
45202,gds,7.1312556,0.0005,Neutral,0.0003,Neutral,0.0001,Neutral,0.0005,Neutral,0.0005,Neutral
46221,gds,4.0452294,0.0019,Neutral,0.0017,Neutral,0.0011,Neutral,0.0019,Neutral,0.0019,Neutral
46281,gds,4.789628,0.0003,Neutral,0.0003,Neutral,0.0002,Neutral,0.0003,Neutral,0.0003,Neutral
51983,gds,7.1353054,0.0001,Neutral,0.0001,Neutral,0.0,Neutral,0.0001,Neutral,0.0001,Neutral
52017,gds,6.3311334,0.0002,Neutral,0.0001,Neutral,0.0001,Neutral,0.0002,Neutral,0.0002,Neutral
64049,gds,5.2713456,0.0001,Neutral,0.0001,Neutral,0.0,Neutral,0.0001,Neutral,0.0001,Neutral
65646,gds,5.658066,0.0003,Neutral,0.0003,Neutral,0.0001,Neutral,0.0003,Neutral,0.0003,Neutral
66116,gds,6.846422,0.0008,Neutral,0.0005,Neutral,0.0003,Neutral,0.0008,Neutral,0.0008,Neutral
